Player,Category,Stat
James Harden,GP,54
James Harden,MIN,37.4
James Harden,PTS,36.6
James Harden,FGM,10.8
James Harden,FGA,24.4
James Harden,FG%,44.1
James Harden,3PM,5.1
James Harden,3PA,13.6
James Harden,3P%,37.4
James Harden,FTM,10.0
James Harden,FTA,11.5
James Harden,FT%,87.1
James Harden,OREB,1.0
James Harden,DREB,5.7
James Harden,REB,6.7
James Harden,AST,7.7
James Harden,STL,2.2
James Harden,BLK,0.8
James Harden,TOV,5.4
James Harden,EFF,33.4
Paul George,GP,55
Paul George,MIN,36.2
Paul George,PTS,28.7
Paul George,FGM,9.4
Paul George,FGA,20.7
Paul George,FG%,45.4
Paul George,3PM,3.9
Paul George,3PA,9.5
Paul George,3P%,41.3
Paul George,FTM,5.9
Paul George,FTA,7.1
Paul George,FT%,83.6
Paul George,OREB,1.4
Paul George,DREB,6.6
Paul George,REB,8.0
Paul George,AST,4.1
Paul George,STL,2.3
Paul George,BLK,0.5
Paul George,TOV,2.6
Paul George,EFF,28.5
Stephen Curry,GP,46
Stephen Curry,MIN,34.3
Stephen Curry,PTS,28.6
Stephen Curry,FGM,9.6
Stephen Curry,FGA,19.6
Stephen Curry,FG%,48.8
Stephen Curry,3PM,5.1
Stephen Curry,3PA,11.5
Stephen Curry,3P%,44.4
Stephen Curry,FTM,4.3
Stephen Curry,FTA,4.7
Stephen Curry,FT%,92.2
Stephen Curry,OREB,0.7
Stephen Curry,DREB,4.4
Stephen Curry,REB,5.1
Stephen Curry,AST,5.2
Stephen Curry,STL,1.2
Stephen Curry,BLK,0.4
Stephen Curry,TOV,2.8
Stephen Curry,EFF,27.4
Anthony Davis,GP,44
Anthony Davis,MIN,36.4
Anthony Davis,PTS,28.5
Anthony Davis,FGM,10.1
Anthony Davis,FGA,20.0
Anthony Davis,FG%,50.8
Anthony Davis,3PM,0.9
Anthony Davis,3PA,2.8
Anthony Davis,3P%,32.0
Anthony Davis,FTM,7.3
Anthony Davis,FTA,9.0
Anthony Davis,FT%,81.0
Anthony Davis,OREB,3.2
Anthony Davis,DREB,9.9
Anthony Davis,REB,13.1
Anthony Davis,AST,4.3
Anthony Davis,STL,1.6
Anthony Davis,BLK,2.6
Anthony Davis,TOV,2.0
Anthony Davis,EFF,36.5
Kevin Durant,GP,57
Kevin Durant,MIN,35.4
Kevin Durant,PTS,27.6
Kevin Durant,FGM,9.7
Kevin Durant,FGA,18.8
Kevin Durant,FG%,51.6
Kevin Durant,3PM,1.8
Kevin Durant,3PA,5.0
Kevin Durant,3P%,36.7
Kevin Durant,FTM,6.3
Kevin Durant,FTA,7.1
Kevin Durant,FT%,89.3
Kevin Durant,OREB,0.5
Kevin Durant,DREB,6.5
Kevin Durant,REB,7.0
Kevin Durant,AST,5.9
Kevin Durant,STL,0.8
Kevin Durant,BLK,1.1
Kevin Durant,TOV,3.1
Kevin Durant,EFF,29.4
Joel Embiid,GP,54
Joel Embiid,MIN,33.7
Joel Embiid,PTS,27.3
Joel Embiid,FGM,8.9
Joel Embiid,FGA,18.6
Joel Embiid,FG%,48.2
Joel Embiid,3PM,1.2
Joel Embiid,3PA,4.0
Joel Embiid,3P%,29.5
Joel Embiid,FTM,8.2
Joel Embiid,FTA,10.1
Joel Embiid,FT%,81.1
Joel Embiid,OREB,2.5
Joel Embiid,DREB,11.0
Joel Embiid,REB,13.5
Joel Embiid,AST,3.5
Joel Embiid,STL,0.6
Joel Embiid,BLK,1.9
Joel Embiid,TOV,3.6
Joel Embiid,EFF,31.7
Giannis Antetokounmpo,GP,53
Giannis Antetokounmpo,MIN,33.2
Giannis Antetokounmpo,PTS,27.2
Giannis Antetokounmpo,FGM,10.0
Giannis Antetokounmpo,FGA,17.2
Giannis Antetokounmpo,FG%,58.1
Giannis Antetokounmpo,3PM,0.5
Giannis Antetokounmpo,3PA,2.5
Giannis Antetokounmpo,3P%,22.3
Giannis Antetokounmpo,FTM,6.6
Giannis Antetokounmpo,FTA,9.2
Giannis Antetokounmpo,FT%,71.7
Giannis Antetokounmpo,OREB,2.3
Giannis Antetokounmpo,DREB,10.4
Giannis Antetokounmpo,REB,12.7
Giannis Antetokounmpo,AST,6.0
Giannis Antetokounmpo,STL,1.4
Giannis Antetokounmpo,BLK,1.4
Giannis Antetokounmpo,TOV,3.8
Giannis Antetokounmpo,EFF,35.0
Kawhi Leonard,GP,43
Kawhi Leonard,MIN,34.7
Kawhi Leonard,PTS,27.0
Kawhi Leonard,FGM,9.3
Kawhi Leonard,FGA,18.8
Kawhi Leonard,FG%,49.2
Kawhi Leonard,3PM,1.8
Kawhi Leonard,3PA,4.9
Kawhi Leonard,3P%,36.3
Kawhi Leonard,FTM,6.7
Kawhi Leonard,FTA,7.7
Kawhi Leonard,FT%,86.4
Kawhi Leonard,OREB,1.3
Kawhi Leonard,DREB,6.3
Kawhi Leonard,REB,7.7
Kawhi Leonard,AST,3.3
Kawhi Leonard,STL,1.9
Kawhi Leonard,BLK,0.4
Kawhi Leonard,TOV,2.1
Kawhi Leonard,EFF,27.5
Damian Lillard,GP,56
Damian Lillard,MIN,35.3
Damian Lillard,PTS,26.3
Damian Lillard,FGM,8.7
Damian Lillard,FGA,19.3
Damian Lillard,FG%,45.0
Damian Lillard,3PM,2.9
Damian Lillard,3PA,7.8
Damian Lillard,3P%,37.3
Damian Lillard,FTM,6.1
Damian Lillard,FTA,6.7
Damian Lillard,FT%,90.7
Damian Lillard,OREB,0.8
Damian Lillard,DREB,3.7
Damian Lillard,REB,4.5
Damian Lillard,AST,6.4
Damian Lillard,STL,1.2
Damian Lillard,BLK,0.5
Damian Lillard,TOV,2.8
Damian Lillard,EFF,24.8
Blake Griffin,GP,54
Blake Griffin,MIN,36.3
Blake Griffin,PTS,26.3
Blake Griffin,FGM,8.9
Blake Griffin,FGA,18.6
Blake Griffin,FG%,47.9
Blake Griffin,3PM,2.5
Blake Griffin,3PA,6.8
Blake Griffin,3P%,36.5
Blake Griffin,FTM,6.0
Blake Griffin,FTA,7.9
Blake Griffin,FT%,75.9
Blake Griffin,OREB,1.4
Blake Griffin,DREB,6.7
Blake Griffin,REB,8.1
Blake Griffin,AST,5.4
Blake Griffin,STL,0.7
Blake Griffin,BLK,0.4
Blake Griffin,TOV,3.7
Blake Griffin,EFF,25.6
Kemba Walker,GP,56
Kemba Walker,MIN,34.5
Kemba Walker,PTS,25.2
Kemba Walker,FGM,8.7
Kemba Walker,FGA,20.0
Kemba Walker,FG%,43.5
Kemba Walker,3PM,3.3
Kemba Walker,3PA,9.1
Kemba Walker,3P%,36.7
Kemba Walker,FTM,4.5
Kemba Walker,FTA,5.4
Kemba Walker,FT%,83.1
Kemba Walker,OREB,0.6
Kemba Walker,DREB,3.8
Kemba Walker,REB,4.4
Kemba Walker,AST,5.7
Kemba Walker,STL,1.3
Kemba Walker,BLK,0.5
Kemba Walker,TOV,2.6
Kemba Walker,EFF,22.3
Bradley Beal,GP,58
Bradley Beal,MIN,37.2
Bradley Beal,PTS,25.1
Bradley Beal,FGM,9.2
Bradley Beal,FGA,19.6
Bradley Beal,FG%,47.2
Bradley Beal,3PM,2.5
Bradley Beal,3PA,7.2
Bradley Beal,3P%,34.9
Bradley Beal,FTM,4.2
Bradley Beal,FTA,5.1
Bradley Beal,FT%,81.5
Bradley Beal,OREB,1.1
Bradley Beal,DREB,3.9
Bradley Beal,REB,5.1
Bradley Beal,AST,5.4
Bradley Beal,STL,1.4
Bradley Beal,BLK,0.8
Bradley Beal,TOV,2.9
Bradley Beal,EFF,23.6
Devin Booker,GP,44
Devin Booker,MIN,34.8
Devin Booker,PTS,24.6
Devin Booker,FGM,8.7
Devin Booker,FGA,18.8
Devin Booker,FG%,46.0
Devin Booker,3PM,2.1
Devin Booker,3PA,6.4
Devin Booker,3P%,32.5
Devin Booker,FTM,5.2
Devin Booker,FTA,6.1
Devin Booker,FT%,84.8
Devin Booker,OREB,0.6
Devin Booker,DREB,3.4
Devin Booker,REB,4.0
Devin Booker,AST,6.7
Devin Booker,STL,0.9
Devin Booker,BLK,0.2
Devin Booker,TOV,3.9
Devin Booker,EFF,21.3
Kyrie Irving,GP,47
Kyrie Irving,MIN,32.5
Kyrie Irving,PTS,23.6
Kyrie Irving,FGM,8.9
Kyrie Irving,FGA,17.9
Kyrie Irving,FG%,49.8
Kyrie Irving,3PM,2.5
Kyrie Irving,3PA,6.2
Kyrie Irving,3P%,40.9
Kyrie Irving,FTM,3.2
Kyrie Irving,FTA,3.7
Kyrie Irving,FT%,86.6
Kyrie Irving,OREB,1.2
Kyrie Irving,DREB,3.7
Kyrie Irving,REB,4.9
Kyrie Irving,AST,6.9
Kyrie Irving,STL,1.6
Kyrie Irving,BLK,0.4
Kyrie Irving,TOV,2.7
Kyrie Irving,EFF,25.2
Karl-Anthony Towns,GP,57
Karl-Anthony Towns,MIN,33.1
Karl-Anthony Towns,PTS,23.1
Karl-Anthony Towns,FGM,8.4
Karl-Anthony Towns,FGA,16.4
Karl-Anthony Towns,FG%,51.2
Karl-Anthony Towns,3PM,1.8
Karl-Anthony Towns,3PA,4.5
Karl-Anthony Towns,3P%,38.9
Karl-Anthony Towns,FTM,4.6
Karl-Anthony Towns,FTA,5.4
Karl-Anthony Towns,FT%,84.7
Karl-Anthony Towns,OREB,3.4
Karl-Anthony Towns,DREB,8.7
Karl-Anthony Towns,REB,12.0
Karl-Anthony Towns,AST,3.2
Karl-Anthony Towns,STL,0.9
Karl-Anthony Towns,BLK,1.8
Karl-Anthony Towns,TOV,2.9
Karl-Anthony Towns,EFF,29.4
Zach LaVine,GP,51
Zach LaVine,MIN,34.0
Zach LaVine,PTS,23.0
Zach LaVine,FGM,8.2
Zach LaVine,FGA,17.7
Zach LaVine,FG%,46.2
Zach LaVine,3PM,1.7
Zach LaVine,3PA,4.9
Zach LaVine,3P%,34.9
Zach LaVine,FTM,4.9
Zach LaVine,FTA,5.7
Zach LaVine,FT%,85.9
Zach LaVine,OREB,0.5
Zach LaVine,DREB,3.9
Zach LaVine,REB,4.5
Zach LaVine,AST,4.4
Zach LaVine,STL,0.9
Zach LaVine,BLK,0.4
Zach LaVine,TOV,3.3
Zach LaVine,EFF,19.5
Donovan Mitchell,GP,53
Donovan Mitchell,MIN,33.3
Donovan Mitchell,PTS,22.4
Donovan Mitchell,FGM,8.2
Donovan Mitchell,FGA,19.6
Donovan Mitchell,FG%,41.8
Donovan Mitchell,3PM,2.2
Donovan Mitchell,3PA,6.7
Donovan Mitchell,3P%,32.2
Donovan Mitchell,FTM,3.8
Donovan Mitchell,FTA,4.8
Donovan Mitchell,FT%,79.4
Donovan Mitchell,OREB,0.7
Donovan Mitchell,DREB,3.2
Donovan Mitchell,REB,3.9
Donovan Mitchell,AST,4.0
Donovan Mitchell,STL,1.5
Donovan Mitchell,BLK,0.3
Donovan Mitchell,TOV,2.7
Donovan Mitchell,EFF,17.0
Klay Thompson,GP,56
Klay Thompson,MIN,34.1
Klay Thompson,PTS,21.9
Klay Thompson,FGM,8.5
Klay Thompson,FGA,18.2
Klay Thompson,FG%,46.9
Klay Thompson,3PM,3.0
Klay Thompson,3PA,7.5
Klay Thompson,3P%,39.6
Klay Thompson,FTM,1.8
Klay Thompson,FTA,2.3
Klay Thompson,FT%,81.0
Klay Thompson,OREB,0.4
Klay Thompson,DREB,3.6
Klay Thompson,REB,4.0
Klay Thompson,AST,2.2
Klay Thompson,STL,1.1
Klay Thompson,BLK,0.7
Klay Thompson,TOV,1.5
Klay Thompson,EFF,18.2
DeMar DeRozan,GP,54
DeMar DeRozan,MIN,35.3
DeMar DeRozan,PTS,21.4
DeMar DeRozan,FGM,8.3
DeMar DeRozan,FGA,17.9
DeMar DeRozan,FG%,46.3
DeMar DeRozan,3PM,0.1
DeMar DeRozan,3PA,0.8
DeMar DeRozan,3P%,17.1
DeMar DeRozan,FTM,4.7
DeMar DeRozan,FTA,5.7
DeMar DeRozan,FT%,82.2
DeMar DeRozan,OREB,0.8
DeMar DeRozan,DREB,5.4
DeMar DeRozan,REB,6.1
DeMar DeRozan,AST,6.1
DeMar DeRozan,STL,1.0
DeMar DeRozan,BLK,0.5
DeMar DeRozan,TOV,2.6
DeMar DeRozan,EFF,21.9
Russell Westbrook,GP,48
Russell Westbrook,MIN,35.5
Russell Westbrook,PTS,21.2
Russell Westbrook,FGM,8.0
Russell Westbrook,FGA,19.4
Russell Westbrook,FG%,41.2
Russell Westbrook,3PM,1.1
Russell Westbrook,3PA,4.5
Russell Westbrook,3P%,24.4
Russell Westbrook,FTM,4.1
Russell Westbrook,FTA,6.3
Russell Westbrook,FT%,65.1
Russell Westbrook,OREB,1.4
Russell Westbrook,DREB,9.7
Russell Westbrook,REB,11.1
Russell Westbrook,AST,11.2
Russell Westbrook,STL,2.2
Russell Westbrook,BLK,0.4
Russell Westbrook,TOV,4.6
Russell Westbrook,EFF,27.9
CJ McCollum,GP,56
CJ McCollum,MIN,34.0
CJ McCollum,PTS,21.0
CJ McCollum,FGM,8.2
CJ McCollum,FGA,18.0
CJ McCollum,FG%,45.7
CJ McCollum,3PM,2.3
CJ McCollum,3PA,6.3
CJ McCollum,3P%,36.2
CJ McCollum,FTM,2.3
CJ McCollum,FTA,2.8
CJ McCollum,FT%,83.2
CJ McCollum,OREB,0.9
CJ McCollum,DREB,3.1
CJ McCollum,REB,4.0
CJ McCollum,AST,2.8
CJ McCollum,STL,0.8
CJ McCollum,BLK,0.4
CJ McCollum,TOV,1.6
CJ McCollum,EFF,17.2
LaMarcus Aldridge,GP,58
LaMarcus Aldridge,MIN,32.7
LaMarcus Aldridge,PTS,21.0
LaMarcus Aldridge,FGM,8.2
LaMarcus Aldridge,FGA,16.1
LaMarcus Aldridge,FG%,50.9
LaMarcus Aldridge,3PM,0.1
LaMarcus Aldridge,3PA,0.4
LaMarcus Aldridge,3P%,21.7
LaMarcus Aldridge,FTM,4.5
LaMarcus Aldridge,FTA,5.3
LaMarcus Aldridge,FT%,84.5
LaMarcus Aldridge,OREB,3.1
LaMarcus Aldridge,DREB,5.9
LaMarcus Aldridge,REB,9.0
LaMarcus Aldridge,AST,2.6
LaMarcus Aldridge,STL,0.5
LaMarcus Aldridge,BLK,1.2
LaMarcus Aldridge,TOV,1.9
LaMarcus Aldridge,EFF,23.7
Jrue Holiday,GP,58
Jrue Holiday,MIN,36.3
Jrue Holiday,PTS,20.9
Jrue Holiday,FGM,8.0
Jrue Holiday,FGA,17.1
Jrue Holiday,FG%,47.1
Jrue Holiday,3PM,1.6
Jrue Holiday,3PA,5.2
Jrue Holiday,3P%,31.7
Jrue Holiday,FTM,3.2
Jrue Holiday,FTA,4.1
Jrue Holiday,FT%,76.3
Jrue Holiday,OREB,1.2
Jrue Holiday,DREB,3.8
Jrue Holiday,REB,5.1
Jrue Holiday,AST,8.0
Jrue Holiday,STL,1.6
Jrue Holiday,BLK,0.8
Jrue Holiday,TOV,3.2
Jrue Holiday,EFF,23.1
Tobias Harris,GP,59
Tobias Harris,MIN,34.5
Tobias Harris,PTS,20.7
Tobias Harris,FGM,7.7
Tobias Harris,FGA,15.4
Tobias Harris,FG%,49.7
Tobias Harris,3PM,2.0
Tobias Harris,3PA,4.7
Tobias Harris,3P%,43.0
Tobias Harris,FTM,3.4
Tobias Harris,FTA,3.9
Tobias Harris,FT%,87.3
Tobias Harris,OREB,0.7
Tobias Harris,DREB,7.1
Tobias Harris,REB,7.8
Tobias Harris,AST,2.8
Tobias Harris,STL,0.7
Tobias Harris,BLK,0.4
Tobias Harris,TOV,1.9
Tobias Harris,EFF,22.3
Luka Doncic,GP,55
Luka Doncic,MIN,32.2
Luka Doncic,PTS,20.7
Luka Doncic,FGM,6.9
Luka Doncic,FGA,15.9
Luka Doncic,FG%,43.0
Luka Doncic,3PM,2.4
Luka Doncic,3PA,7.0
Luka Doncic,3P%,34.8
Luka Doncic,FTM,4.6
Luka Doncic,FTA,6.3
Luka Doncic,FT%,72.2
Luka Doncic,OREB,1.1
Luka Doncic,DREB,6.1
Luka Doncic,REB,7.2
Luka Doncic,AST,5.6
Luka Doncic,STL,1.0
Luka Doncic,BLK,0.3
Luka Doncic,TOV,3.2
Luka Doncic,EFF,20.7
Nikola Vucevic,GP,57
Nikola Vucevic,MIN,31.2
Nikola Vucevic,PTS,20.6
Nikola Vucevic,FGM,8.7
Nikola Vucevic,FGA,16.7
Nikola Vucevic,FG%,52.1
Nikola Vucevic,3PM,1.1
Nikola Vucevic,3PA,3.0
Nikola Vucevic,3P%,37.9
Nikola Vucevic,FTM,2.1
Nikola Vucevic,FTA,2.6
Nikola Vucevic,FT%,78.1
Nikola Vucevic,OREB,2.7
Nikola Vucevic,DREB,9.4
Nikola Vucevic,REB,12.1
Nikola Vucevic,AST,3.8
Nikola Vucevic,STL,0.9
Nikola Vucevic,BLK,1.1
Nikola Vucevic,TOV,2.0
Nikola Vucevic,EFF,28.0
Buddy Hield,GP,57
Buddy Hield,MIN,31.6
Buddy Hield,PTS,20.5
Buddy Hield,FGM,7.6
Buddy Hield,FGA,16.0
Buddy Hield,FG%,47.5
Buddy Hield,3PM,3.4
Buddy Hield,3PA,7.6
Buddy Hield,3P%,44.9
Buddy Hield,FTM,1.8
Buddy Hield,FTA,2.1
Buddy Hield,FT%,86.1
Buddy Hield,OREB,1.3
Buddy Hield,DREB,3.8
Buddy Hield,REB,5.1
Buddy Hield,AST,2.3
Buddy Hield,STL,0.5
Buddy Hield,BLK,0.4
Buddy Hield,TOV,1.9
Buddy Hield,EFF,18.2
Nikola Jokic,GP,56
Nikola Jokic,MIN,31.6
Nikola Jokic,PTS,20.4
Nikola Jokic,FGM,7.7
Nikola Jokic,FGA,15.2
Nikola Jokic,FG%,50.5
Nikola Jokic,3PM,1.1
Nikola Jokic,3PA,3.6
Nikola Jokic,3P%,30.8
Nikola Jokic,FTM,3.9
Nikola Jokic,FTA,4.6
Nikola Jokic,FT%,84.9
Nikola Jokic,OREB,2.8
Nikola Jokic,DREB,7.8
Nikola Jokic,REB,10.6
Nikola Jokic,AST,7.7
Nikola Jokic,STL,1.4
Nikola Jokic,BLK,0.6
Nikola Jokic,TOV,3.2
Nikola Jokic,EFF,29.4
D'Angelo Russell,GP,58
D'Angelo Russell,MIN,30.1
D'Angelo Russell,PTS,20.3
D'Angelo Russell,FGM,7.8
D'Angelo Russell,FGA,17.9
D'Angelo Russell,FG%,43.6
D'Angelo Russell,3PM,2.7
D'Angelo Russell,3PA,7.4
D'Angelo Russell,3P%,37.2
D'Angelo Russell,FTM,1.9
D'Angelo Russell,FTA,2.3
D'Angelo Russell,FT%,82.4
D'Angelo Russell,OREB,0.6
D'Angelo Russell,DREB,3.2
D'Angelo Russell,REB,3.8
D'Angelo Russell,AST,6.6
D'Angelo Russell,STL,1.1
D'Angelo Russell,BLK,0.3
D'Angelo Russell,TOV,3.0
D'Angelo Russell,EFF,18.6
Mike Conley,GP,56
Mike Conley,MIN,33.5
Mike Conley,PTS,19.9
Mike Conley,FGM,6.8
Mike Conley,FGA,15.8
Mike Conley,FG%,42.7
Mike Conley,3PM,2.1
Mike Conley,3PA,6.1
Mike Conley,3P%,35.4
Mike Conley,FTM,4.3
Mike Conley,FTA,5.1
Mike Conley,FT%,84.9
Mike Conley,OREB,0.6
Mike Conley,DREB,2.8
Mike Conley,REB,3.4
Mike Conley,AST,6.4
Mike Conley,STL,1.4
Mike Conley,BLK,0.3
Mike Conley,TOV,1.9
Mike Conley,EFF,19.8
Julius Randle,GP,51
Julius Randle,MIN,29.4
Julius Randle,PTS,19.9
Julius Randle,FGM,7.3
Julius Randle,FGA,13.4
Julius Randle,FG%,54.1
Julius Randle,3PM,0.7
Julius Randle,3PA,2.1
Julius Randle,3P%,33.3
Julius Randle,FTM,4.7
Julius Randle,FTA,6.4
Julius Randle,FT%,73.8
Julius Randle,OREB,2.1
Julius Randle,DREB,7.0
Julius Randle,REB,9.1
Julius Randle,AST,2.9
Julius Randle,STL,0.6
Julius Randle,BLK,0.6
Julius Randle,TOV,2.6
Julius Randle,EFF,22.7
Lou Williams,GP,53
Lou Williams,MIN,26.1
Lou Williams,PTS,19.9
Lou Williams,FGM,6.4
Lou Williams,FGA,14.9
Lou Williams,FG%,42.9
Lou Williams,3PM,1.4
Lou Williams,3PA,3.8
Lou Williams,3P%,37.2
Lou Williams,FTM,5.7
Lou Williams,FTA,6.3
Lou Williams,FT%,89.6
Lou Williams,OREB,0.4
Lou Williams,DREB,2.5
Lou Williams,REB,2.9
Lou Williams,AST,5.3
Lou Williams,STL,0.6
Lou Williams,BLK,0.2
Lou Williams,TOV,2.4
Lou Williams,EFF,17.3
John Collins,GP,41
John Collins,MIN,29.8
John Collins,PTS,19.4
John Collins,FGM,7.7
John Collins,FGA,13.3
John Collins,FG%,57.8
John Collins,3PM,0.9
John Collins,3PA,2.5
John Collins,3P%,36.6
John Collins,FTM,3.1
John Collins,FTA,4.2
John Collins,FT%,74.9
John Collins,OREB,3.6
John Collins,DREB,6.1
John Collins,REB,9.7
John Collins,AST,2.1
John Collins,STL,0.3
John Collins,BLK,0.4
John Collins,TOV,2.1
John Collins,EFF,23.1
Jimmy Butler,GP,46
Jimmy Butler,MIN,33.5
Jimmy Butler,PTS,19.3
Jimmy Butler,FGM,6.7
Jimmy Butler,FGA,14.0
Jimmy Butler,FG%,48.2
Jimmy Butler,3PM,1.2
Jimmy Butler,3PA,3.3
Jimmy Butler,3P%,37.1
Jimmy Butler,FTM,4.7
Jimmy Butler,FTA,5.4
Jimmy Butler,FT%,85.9
Jimmy Butler,OREB,1.7
Jimmy Butler,DREB,3.4
Jimmy Butler,REB,5.1
Jimmy Butler,AST,3.9
Jimmy Butler,STL,2.0
Jimmy Butler,BLK,0.6
Jimmy Butler,TOV,1.4
Jimmy Butler,EFF,21.6
Kyle Kuzma,GP,53
Kyle Kuzma,MIN,32.7
Kyle Kuzma,PTS,19.1
Kyle Kuzma,FGM,7.3
Kyle Kuzma,FGA,15.6
Kyle Kuzma,FG%,46.7
Kyle Kuzma,3PM,2.0
Kyle Kuzma,3PA,6.2
Kyle Kuzma,3P%,31.9
Kyle Kuzma,FTM,2.6
Kyle Kuzma,FTA,3.5
Kyle Kuzma,FT%,76.5
Kyle Kuzma,OREB,0.8
Kyle Kuzma,DREB,4.8
Kyle Kuzma,REB,5.6
Kyle Kuzma,AST,2.3
Kyle Kuzma,STL,0.6
Kyle Kuzma,BLK,0.4
Kyle Kuzma,TOV,2.0
Kyle Kuzma,EFF,17.0
Tim Hardaway Jr.,GP,51
Tim Hardaway Jr.,MIN,32.2
Tim Hardaway Jr.,PTS,18.8
Tim Hardaway Jr.,FGM,6.1
Tim Hardaway Jr.,FGA,15.6
Tim Hardaway Jr.,FG%,39.0
Tim Hardaway Jr.,3PM,2.5
Tim Hardaway Jr.,3PA,7.4
Tim Hardaway Jr.,3P%,34.1
Tim Hardaway Jr.,FTM,4.1
Tim Hardaway Jr.,FTA,4.8
Tim Hardaway Jr.,FT%,84.9
Tim Hardaway Jr.,OREB,0.6
Tim Hardaway Jr.,DREB,2.9
Tim Hardaway Jr.,REB,3.5
Tim Hardaway Jr.,AST,2.6
Tim Hardaway Jr.,STL,0.9
Tim Hardaway Jr.,BLK,0.1
Tim Hardaway Jr.,TOV,1.7
Tim Hardaway Jr.,EFF,13.9
Danilo Gallinari,GP,48
Danilo Gallinari,MIN,30.7
Danilo Gallinari,PTS,18.7
Danilo Gallinari,FGM,5.6
Danilo Gallinari,FGA,12.5
Danilo Gallinari,FG%,45.0
Danilo Gallinari,3PM,2.5
Danilo Gallinari,3PA,5.5
Danilo Gallinari,3P%,44.7
Danilo Gallinari,FTM,5.0
Danilo Gallinari,FTA,5.5
Danilo Gallinari,FT%,90.2
Danilo Gallinari,OREB,0.9
Danilo Gallinari,DREB,5.1
Danilo Gallinari,REB,6.0
Danilo Gallinari,AST,2.5
Danilo Gallinari,STL,0.7
Danilo Gallinari,BLK,0.3
Danilo Gallinari,TOV,1.4
Danilo Gallinari,EFF,19.4
JJ Redick,GP,54
JJ Redick,MIN,31.2
JJ Redick,PTS,18.6
JJ Redick,FGM,6.2
JJ Redick,FGA,13.7
JJ Redick,FG%,45.3
JJ Redick,3PM,3.1
JJ Redick,3PA,7.9
JJ Redick,3P%,39.5
JJ Redick,FTM,3.0
JJ Redick,FTA,3.4
JJ Redick,FT%,90.6
JJ Redick,OREB,0.3
JJ Redick,DREB,1.9
JJ Redick,REB,2.2
JJ Redick,AST,2.8
JJ Redick,STL,0.4
JJ Redick,BLK,0.2
JJ Redick,TOV,1.4
JJ Redick,EFF,14.9
Jamal Murray,GP,51
Jamal Murray,MIN,33.5
Jamal Murray,PTS,18.3
Jamal Murray,FGM,6.9
Jamal Murray,FGA,16.0
Jamal Murray,FG%,43.0
Jamal Murray,3PM,2.0
Jamal Murray,3PA,5.3
Jamal Murray,3P%,36.8
Jamal Murray,FTM,2.5
Jamal Murray,FTA,3.0
Jamal Murray,FT%,84.3
Jamal Murray,OREB,0.9
Jamal Murray,DREB,3.3
Jamal Murray,REB,4.2
Jamal Murray,AST,5.0
Jamal Murray,STL,0.8
Jamal Murray,BLK,0.4
Jamal Murray,TOV,2.4
Jamal Murray,EFF,16.7
Derrick Rose,GP,41
Derrick Rose,MIN,28.5
Derrick Rose,PTS,18.2
Derrick Rose,FGM,7.1
Derrick Rose,FGA,14.9
Derrick Rose,FG%,47.7
Derrick Rose,3PM,1.3
Derrick Rose,3PA,3.2
Derrick Rose,3P%,40.2
Derrick Rose,FTM,2.7
Derrick Rose,FTA,3.2
Derrick Rose,FT%,85.4
Derrick Rose,OREB,0.6
Derrick Rose,DREB,2.1
Derrick Rose,REB,2.8
Derrick Rose,AST,4.8
Derrick Rose,STL,0.6
Derrick Rose,BLK,0.3
Derrick Rose,TOV,1.7
Derrick Rose,EFF,16.7
T.J. Warren,GP,43
T.J. Warren,MIN,31.6
T.J. Warren,PTS,18.0
T.J. Warren,FGM,6.9
T.J. Warren,FGA,14.2
T.J. Warren,FG%,48.6
T.J. Warren,3PM,1.8
T.J. Warren,3PA,4.2
T.J. Warren,3P%,42.8
T.J. Warren,FTM,2.3
T.J. Warren,FTA,2.9
T.J. Warren,FT%,81.5
T.J. Warren,OREB,0.7
T.J. Warren,DREB,3.3
T.J. Warren,REB,4.0
T.J. Warren,AST,1.5
T.J. Warren,STL,1.2
T.J. Warren,BLK,0.7
T.J. Warren,TOV,1.2
T.J. Warren,EFF,16.3
Andrew Wiggins,GP,51
Andrew Wiggins,MIN,34.7
Andrew Wiggins,PTS,17.9
Andrew Wiggins,FGM,6.6
Andrew Wiggins,FGA,16.7
Andrew Wiggins,FG%,39.6
Andrew Wiggins,3PM,1.5
Andrew Wiggins,3PA,4.7
Andrew Wiggins,3P%,33.1
Andrew Wiggins,FTM,3.1
Andrew Wiggins,FTA,4.4
Andrew Wiggins,FT%,71.4
Andrew Wiggins,OREB,1.2
Andrew Wiggins,DREB,3.6
Andrew Wiggins,REB,4.8
Andrew Wiggins,AST,2.4
Andrew Wiggins,STL,1.1
Andrew Wiggins,BLK,0.6
Andrew Wiggins,TOV,1.9
Andrew Wiggins,EFF,13.6
Clint Capela,GP,42
Clint Capela,MIN,34.2
Clint Capela,PTS,17.6
Clint Capela,FGM,7.5
Clint Capela,FGA,11.9
Clint Capela,FG%,63.1
Clint Capela,3PM,0.0
Clint Capela,3PA,0.0
Clint Capela,3P%,0.0
Clint Capela,FTM,2.6
Clint Capela,FTA,4.1
Clint Capela,FT%,62.6
Clint Capela,OREB,5.0
Clint Capela,DREB,7.6
Clint Capela,REB,12.6
Clint Capela,AST,1.5
Clint Capela,STL,0.6
Clint Capela,BLK,1.8
Clint Capela,TOV,1.5
Clint Capela,EFF,26.6
Josh Richardson,GP,54
Josh Richardson,MIN,34.7
Josh Richardson,PTS,17.6
Josh Richardson,FGM,6.1
Josh Richardson,FGA,14.6
Josh Richardson,FG%,41.8
Josh Richardson,3PM,2.5
Josh Richardson,3PA,6.5
Josh Richardson,3P%,37.8
Josh Richardson,FTM,2.9
Josh Richardson,FTA,3.4
Josh Richardson,FT%,86.3
Josh Richardson,OREB,0.7
Josh Richardson,DREB,2.8
Josh Richardson,REB,3.6
Josh Richardson,AST,3.9
Josh Richardson,STL,1.1
Josh Richardson,BLK,0.5
Josh Richardson,TOV,1.8
Josh Richardson,EFF,15.9
Harrison Barnes,GP,52
Harrison Barnes,MIN,32.5
Harrison Barnes,PTS,17.4
Harrison Barnes,FGM,5.8
Harrison Barnes,FGA,14.5
Harrison Barnes,FG%,40.2
Harrison Barnes,3PM,2.4
Harrison Barnes,3PA,6.4
Harrison Barnes,3P%,38.4
Harrison Barnes,FTM,3.3
Harrison Barnes,FTA,4.0
Harrison Barnes,FT%,84.0
Harrison Barnes,OREB,0.8
Harrison Barnes,DREB,3.6
Harrison Barnes,REB,4.4
Harrison Barnes,AST,1.4
Harrison Barnes,STL,0.7
Harrison Barnes,BLK,0.2
Harrison Barnes,TOV,1.4
Harrison Barnes,EFF,13.4
Andre Drummond,GP,53
Andre Drummond,MIN,33.0
Andre Drummond,PTS,17.4
Andre Drummond,FGM,7.3
Andre Drummond,FGA,13.8
Andre Drummond,FG%,52.7
Andre Drummond,3PM,0.1
Andre Drummond,3PA,0.6
Andre Drummond,3P%,12.1
Andre Drummond,FTM,2.8
Andre Drummond,FTA,4.9
Andre Drummond,FT%,56.1
Andre Drummond,OREB,5.1
Andre Drummond,DREB,9.9
Andre Drummond,REB,15.0
Andre Drummond,AST,1.2
Andre Drummond,STL,1.6
Andre Drummond,BLK,1.7
Andre Drummond,TOV,2.3
Andre Drummond,EFF,25.9
Spencer Dinwiddie,GP,49
Spencer Dinwiddie,MIN,28.6
Spencer Dinwiddie,PTS,17.2
Spencer Dinwiddie,FGM,5.6
Spencer Dinwiddie,FGA,12.2
Spencer Dinwiddie,FG%,46.1
Spencer Dinwiddie,3PM,2.0
Spencer Dinwiddie,3PA,5.3
Spencer Dinwiddie,3P%,36.6
Spencer Dinwiddie,FTM,4.0
Spencer Dinwiddie,FTA,5.1
Spencer Dinwiddie,FT%,79.5
Spencer Dinwiddie,OREB,0.4
Spencer Dinwiddie,DREB,2.0
Spencer Dinwiddie,REB,2.5
Spencer Dinwiddie,AST,5.0
Spencer Dinwiddie,STL,0.6
Spencer Dinwiddie,BLK,0.2
Spencer Dinwiddie,TOV,2.3
Spencer Dinwiddie,EFF,15.6
Jordan Clarkson,GP,57
Jordan Clarkson,MIN,27.1
Jordan Clarkson,PTS,17.2
Jordan Clarkson,FGM,6.7
Jordan Clarkson,FGA,15.0
Jordan Clarkson,FG%,44.8
Jordan Clarkson,3PM,1.9
Jordan Clarkson,3PA,5.6
Jordan Clarkson,3P%,33.5
Jordan Clarkson,FTM,1.9
Jordan Clarkson,FTA,2.2
Jordan Clarkson,FT%,83.5
Jordan Clarkson,OREB,1.0
Jordan Clarkson,DREB,2.5
Jordan Clarkson,REB,3.5
Jordan Clarkson,AST,2.4
Jordan Clarkson,STL,0.7
Jordan Clarkson,BLK,0.2
Jordan Clarkson,TOV,1.7
Jordan Clarkson,EFF,13.7
De'Aaron Fox,GP,56
De'Aaron Fox,MIN,31.4
De'Aaron Fox,PTS,17.2
De'Aaron Fox,FGM,6.2
De'Aaron Fox,FGA,13.4
De'Aaron Fox,FG%,46.1
De'Aaron Fox,3PM,1.1
De'Aaron Fox,3PA,2.9
De'Aaron Fox,3P%,36.6
De'Aaron Fox,FTM,3.7
De'Aaron Fox,FTA,5.1
De'Aaron Fox,FT%,72.6
De'Aaron Fox,OREB,0.6
De'Aaron Fox,DREB,3.1
De'Aaron Fox,REB,3.7
De'Aaron Fox,AST,7.2
De'Aaron Fox,STL,1.7
De'Aaron Fox,BLK,0.5
De'Aaron Fox,TOV,3.0
De'Aaron Fox,EFF,18.6
Khris Middleton,GP,54
Khris Middleton,MIN,31.1
Khris Middleton,PTS,17.1
Khris Middleton,FGM,6.1
Khris Middleton,FGA,14.0
Khris Middleton,FG%,43.6
Khris Middleton,3PM,2.3
Khris Middleton,3PA,6.0
Khris Middleton,3P%,37.8
Khris Middleton,FTM,2.6
Khris Middleton,FTA,3.1
Khris Middleton,FT%,84.6
Khris Middleton,OREB,0.5
Khris Middleton,DREB,5.3
Khris Middleton,REB,5.8
Khris Middleton,AST,4.2
Khris Middleton,STL,1.1
Khris Middleton,BLK,0.1
Khris Middleton,TOV,2.2
Khris Middleton,EFF,17.7
